{
  "dpi": 300,
  "rotate": "cw90",
  "page_index_for_calibration": 0,
  "invoice_no": {
    "x1": 0.7857549857549857,
    "y1": 0.10797743755036261,
    "x2": 0.9327635327635327,
    "y2": 0.15672844480257855
  },
  "invoice_date": {
    "x1": 0.7934472934472935,
    "y1": 0.1579371474617244,
    "x2": 0.9088319088319088,
    "y2": 0.19782433521353748
  },
  "total_amount": {
    "x1": 0.7299145299145299,
    "y1": 0.6522965350523772,
    "x2": 0.8148148148148148,
    "y2": 0.6865431103948428
  }
}